{"Button2": 0, "Temperature C": 23.692307692307693, "Uptime": 75, "Temperature F": 74.64615384615385, "Button1": 0}